{
  "train_rewards": [
    -246657.73000000004,
    -199137.92000000004,
    -111292.74000000003,
    -133267.37,
    -461233.16999999963,
    -309161.2400000001,
    -123896.34999999998,
    -251828.66000000015,
    -129095.87999999998,
    -57435.61,
    -225677.05000000022,
    -205239.02000000008,
    -141075.46000000002,
    -163427.4600000001,
    -202611.9400000001,
    -139162.60000000006,
    -219361.92,
    -194909.69000000003,
    -132147.84000000003,
    -111801.29000000001,
    -141777.57
  ],
  "train_makespans": [
    1170.5,
    938.2,
    582.55,
    717.0,
    1294.55,
    1067.0,
    805.65,
    914.9,
    721.4,
    496.5,
    567.15,
    1025.45,
    748.25,
    576.0,
    890.3,
    699.65,
    971.9,
    852.35,
    551.1,
    739.3,
    700.5
  ],
  "val_rewards": [
    -186003.5930843707,
    -192220.57925311205,
    -187140.0011065007,
    -196679.41964038732,
    -190380.4849239281,
    -188033.87634854775,
    -188119.78146611346,
    -186389.90926694334,
    -188345.635131397,
    -189550.3504840941,
    -187609.91839557403,
    -189823.47026279397,
    -189568.2705394191,
    -193607.00497925314,
    -193544.49156293226,
    -189076.26749654225,
    -190500.48492392807,
    -189156.60968188106,
    -190104.57786998618,
    -189402.76542185343,
    -190331.33443983403
  ],
  "val_makespans": [
    899.5352697095435,
    922.6818810511757,
    903.6168741355464,
    946.594744121715,
    920.3236514522822,
    901.359612724758,
    899.0567081604426,
    903.9792531120332,
    897.7607192254495,
    914.1106500691563,
    894.0968188105118,
    910.0636237897648,
    901.2351313969572,
    935.2489626556016,
    925.195020746888,
    920.0954356846473,
    924.5836791147995,
    923.1784232365145,
    910.0857538035962,
    919.1701244813278,
    912.2199170124481
  ],
  "test_rewards": [],
  "test_makespans": []
}